name,age,city,occupation
Alice,28,Seattle,Engineer
Bob,35,Portland,Designer
Carol,42,Austin,Manager
David,31,Denver,Developer
Eve,27,Boston,Analyst
Frank,45,Chicago,Architect
Grace,33,Miami,Consultant
Henry,29,Phoenix,Researcher
Ivy,38,Atlanta,Director
Jack,26,Dallas,Intern
Karen,41,Houston,VP
Liam,34,Detroit,Specialist
Mia,30,SanDiego,Coordinator
Noah,37,Nashville,Lead
Olivia,25,Columbus,Assistant
Paul,44,Indianapolis,Executive
Quinn,32,Charlotte,Supervisor
Rachel,36,SanFrancisco,Principal
Steve,40,LasVegas,Manager
Tina,29,Memphis,Associate
Uma,43,Baltimore,Officer
Victor,31,Milwaukee,Technician
Wendy,28,Albuquerque,Analyst
Xavier,39,Tucson,Engineer
Yara,33,Fresno,Designer
Zack,27,Sacramento,Developer
Anna,35,LongBeach,Manager
Brian,42,KansasCity,Architect
Cathy,30,Mesa,Consultant
Derek,38,Virginia,Engineer
Emma,26,Atlanta,Designer
Felix,44,ColoradoSprings,Director
Gina,31,Omaha,Developer
Hugo,37,Raleigh,Manager
Iris,29,Miami,Analyst
James,41,Oakland,Lead
Kelly,33,Minneapolis,Architect
Leo,28,Tulsa,Engineer
Maya,36,Cleveland,Consultant
Nick,39,Wichita,Manager
Olga,32,Arlington,Designer
Peter,45,NewOrleans,Executive
Quincy,27,Bakersfield,Developer
Rita,40,Tampa,Director
Sam,34,Honolulu,Engineer
Tara,31,Aurora,Analyst
Ulrich,38,Anaheim,Manager
Vera,29,SantaAna,Designer
Will,43,StLouis,Architect
Xena,30,Riverside,Developer
Yale,36,CorpusChristi,Manager
Zoe,28,Lexington,Engineer
Adam,42,Pittsburgh,Director
Beth,35,Anchorage,Consultant
Carl,33,Stockton,Engineer
Dana,39,Cincinnati,Manager
Eric,26,StPaul,Designer
Faye,44,Toledo,Executive
Greg,31,Newark,Developer
Hope,37,Greensboro,Analyst
Ivan,29,Plano,Engineer
Jane,40,Henderson,Manager
Kyle,34,Lincoln,Architect
Lisa,28,Buffalo,Designer
Mark,41,FortWayne,Director
Nina,32,Jersey,Engineer
Omar,38,Chula,Manager
Pam,27,Orlando,Developer
Ross,43,Norfolk,Consultant
Sara,30,Chandler,Analyst
Todd,36,Laredo,Engineer
Ursa,33,Madison,Manager
Vick,39,Durham,Architect
Wade,29,Lubbock,Designer
Xyla,42,Winston,Executive
York,35,Garland,Engineer
Zara,31,Glendale,Developer
Avery,38,Hialeah,Manager
Blake,26,Reno,Analyst
Chase,44,Chesapeake,Director
Drew,32,Gilbert,Engineer
Evan,37,Baton,Consultant
Fiona,28,Irving,Designer
Grant,41,Scottsdale,Manager
Hazel,34,NorthLasVegas,Developer
Isaac,30,Fremont,Engineer
Julia,39,Irvine,Architect
Kevin,33,Birmingham,Manager
Luna,27,Rochester,Designer
Mason,42,SanBernardino,Executive
Nora,36,Spokane,Consultant
Owen,29,Richmond,Engineer
Pearl,40,DesMoines,Director
Rowan,31,Modesto,Developer
Silva,38,Fayetteville,Manager
Troy,35,Tacoma,Analyst
Unity,28,Oxnard,Engineer
Vale,43,Fontana,Architect
Wyatt,34,Columbus,Manager
Xander,32,Montgomery,Designer
Alice,28,Seattle,Engineer
Bob,35,Portland,Designer
Carol,42,Austin,Manager
David,31,Denver,Developer
Eve,27,Boston,Analyst
Frank,45,Chicago,Architect
Grace,33,Miami,Consultant
Henry,29,Phoenix,Researcher
Ivy,38,Atlanta,Director
Jack,26,Dallas,Intern
Karen,41,Houston,VP
Liam,34,Detroit,Specialist
Mia,30,SanDiego,Coordinator
Noah,37,Nashville,Lead
Olivia,25,Columbus,Assistant
Paul,44,Indianapolis,Executive
Quinn,32,Charlotte,Supervisor
Rachel,36,SanFrancisco,Principal
Steve,40,LasVegas,Manager
Tina,29,Memphis,Associate
Uma,43,Baltimore,Officer
Victor,31,Milwaukee,Technician
Wendy,28,Albuquerque,Analyst
Xavier,39,Tucson,Engineer
Yara,33,Fresno,Designer
Zack,27,Sacramento,Developer
Anna,35,LongBeach,Manager
Brian,42,KansasCity,Architect
Cathy,30,Mesa,Consultant
Derek,38,Virginia,Engineer
Emma,26,Atlanta,Designer
Felix,44,ColoradoSprings,Director
Gina,31,Omaha,Developer
Hugo,37,Raleigh,Manager
Iris,29,Miami,Analyst
James,41,Oakland,Lead
Kelly,33,Minneapolis,Architect
Leo,28,Tulsa,Engineer
Maya,36,Cleveland,Consultant
Nick,39,Wichita,Manager
Olga,32,Arlington,Designer
Peter,45,NewOrleans,Executive
Quincy,27,Bakersfield,Developer
Rita,40,Tampa,Director
Sam,34,Honolulu,Engineer
Tara,31,Aurora,Analyst
Ulrich,38,Anaheim,Manager
Vera,29,SantaAna,Designer
Will,43,StLouis,Architect
Xena,30,Riverside,Developer
Yale,36,CorpusChristi,Manager
Zoe,28,Lexington,Engineer
Adam,42,Pittsburgh,Director
Beth,35,Anchorage,Consultant
Carl,33,Stockton,Engineer
Dana,39,Cincinnati,Manager
Eric,26,StPaul,Designer
Faye,44,Toledo,Executive
Greg,31,Newark,Developer
Hope,37,Greensboro,Analyst
Ivan,29,Plano,Engineer
Jane,40,Henderson,Manager
Kyle,34,Lincoln,Architect
Lisa,28,Buffalo,Designer
Mark,41,FortWayne,Director
Nina,32,Jersey,Engineer
Omar,38,Chula,Manager
Pam,27,Orlando,Developer
Ross,43,Norfolk,Consultant
Sara,30,Chandler,Analyst
Todd,36,Laredo,Engineer
Ursa,33,Madison,Manager
Vick,39,Durham,Architect
Wade,29,Lubbock,Designer
Xyla,42,Winston,Executive
York,35,Garland,Engineer
Zara,31,Glendale,Developer
Avery,38,Hialeah,Manager
Blake,26,Reno,Analyst
Chase,44,Chesapeake,Director
Drew,32,Gilbert,Engineer
Evan,37,Baton,Consultant
Fiona,28,Irving,Designer
Grant,41,Scottsdale,Manager
Hazel,34,NorthLasVegas,Developer
Isaac,30,Fremont,Engineer
Julia,39,Irvine,Architect
Kevin,33,Birmingham,Manager
Luna,27,Rochester,Designer
Mason,42,SanBernardino,Executive
Nora,36,Spokane,Consultant
Owen,29,Richmond,Engineer
Pearl,40,DesMoines,Director
Rowan,31,Modesto,Developer
Silva,38,Fayetteville,Manager
Troy,35,Tacoma,Analyst
Unity,28,Oxnard,Engineer
Vale,43,Fontana,Architect
Wyatt,34,Columbus,Manager
Xander,32,Montgomery,Designer
Alice,28,Seattle,Engineer
Bob,35,Portland,Designer
Carol,42,Austin,Manager
David,31,Denver,Developer
Eve,27,Boston,Analyst
Frank,45,Chicago,Architect
Grace,33,Miami,Consultant
Henry,29,Phoenix,Researcher
Ivy,38,Atlanta,Director
Jack,26,Dallas,Intern
Karen,41,Houston,VP
Liam,34,Detroit,Specialist
Mia,30,SanDiego,Coordinator
Noah,37,Nashville,Lead
Olivia,25,Columbus,Assistant
Paul,44,Indianapolis,Executive
Quinn,32,Charlotte,Supervisor
Rachel,36,SanFrancisco,Principal
Steve,40,LasVegas,Manager
Tina,29,Memphis,Associate
Uma,43,Baltimore,Officer
Victor,31,Milwaukee,Technician
Wendy,28,Albuquerque,Analyst
Xavier,39,Tucson,Engineer
Yara,33,Fresno,Designer
Zack,27,Sacramento,Developer
Anna,35,LongBeach,Manager
Brian,42,KansasCity,Architect
Cathy,30,Mesa,Consultant
Derek,38,Virginia,Engineer
Emma,26,Atlanta,Designer
Felix,44,ColoradoSprings,Director
Gina,31,Omaha,Developer
Hugo,37,Raleigh,Manager
Iris,29,Miami,Analyst
James,41,Oakland,Lead
Kelly,33,Minneapolis,Architect
Leo,28,Tulsa,Engineer
Maya,36,Cleveland,Consultant
Nick,39,Wichita,Manager
Olga,32,Arlington,Designer
Peter,45,NewOrleans,Executive
Quincy,27,Bakersfield,Developer
Rita,40,Tampa,Director
Sam,34,Honolulu,Engineer
Tara,31,Aurora,Analyst
Ulrich,38,Anaheim,Manager
Vera,29,SantaAna,Designer
Will,43,StLouis,Architect
Xena,30,Riverside,Developer
Yale,36,CorpusChristi,Manager
Zoe,28,Lexington,Engineer
Adam,42,Pittsburgh,Director
Beth,35,Anchorage,Consultant
Carl,33,Stockton,Engineer
Dana,39,Cincinnati,Manager
Eric,26,StPaul,Designer
Faye,44,Toledo,Executive
Greg,31,Newark,Developer
Hope,37,Greensboro,Analyst
Ivan,29,Plano,Engineer
Jane,40,Henderson,Manager
Kyle,34,Lincoln,Architect
Lisa,28,Buffalo,Designer
Mark,41,FortWayne,Director
Nina,32,Jersey,Engineer
Omar,38,Chula,Manager
Pam,27,Orlando,Developer
Ross,43,Norfolk,Consultant
Sara,30,Chandler,Analyst
Todd,36,Laredo,Engineer
Ursa,33,Madison,Manager
Vick,39,Durham,Architect
Wade,29,Lubbock,Designer
Xyla,42,Winston,Executive
York,35,Garland,Engineer
Zara,31,Glendale,Developer
Avery,38,Hialeah,Manager
Blake,26,Reno,Analyst
Chase,44,Chesapeake,Director
Drew,32,Gilbert,Engineer
Evan,37,Baton,Consultant
Fiona,28,Irving,Designer
Grant,41,Scottsdale,Manager
Hazel,34,NorthLasVegas,Developer
Isaac,30,Fremont,Engineer
Julia,39,Irvine,Architect
Kevin,33,Birmingham,Manager
Luna,27,Rochester,Designer
Mason,42,SanBernardino,Executive
Nora,36,Spokane,Consultant
Owen,29,Richmond,Engineer
Pearl,40,DesMoines,Director
Rowan,31,Modesto,Developer
Silva,38,Fayetteville,Manager
Troy,35,Tacoma,Analyst
Unity,28,Oxnard,Engineer
Vale,43,Fontana,Architect
Wyatt,34,Columbus,Manager
Xander,32,Montgomery,Designer
Alice,28,Seattle,Engineer
Bob,35,Portland,Designer
Carol,42,Austin,Manager
David,31,Denver,Developer
Eve,27,Boston,Analyst
Frank,45,Chicago,Architect
Grace,33,Miami,Consultant
Henry,29,Phoenix,Researcher
Ivy,38,Atlanta,Director
Jack,26,Dallas,Intern
Karen,41,Houston,VP
Liam,34,Detroit,Specialist
Mia,30,SanDiego,Coordinator
Noah,37,Nashville,Lead
Olivia,25,Columbus,Assistant
Paul,44,Indianapolis,Executive
Quinn,32,Charlotte,Supervisor
Rachel,36,SanFrancisco,Principal
Steve,40,LasVegas,Manager
Tina,29,Memphis,Associate
Uma,43,Baltimore,Officer
Victor,31,Milwaukee,Technician
Wendy,28,Albuquerque,Analyst
Xavier,39,Tucson,Engineer
Yara,33,Fresno,Designer
Zack,27,Sacramento,Developer
Anna,35,LongBeach,Manager
Brian,42,KansasCity,Architect
Cathy,30,Mesa,Consultant
Derek,38,Virginia,Engineer
Emma,26,Atlanta,Designer
Felix,44,ColoradoSprings,Director
Gina,31,Omaha,Developer
Hugo,37,Raleigh,Manager
Iris,29,Miami,Analyst
James,41,Oakland,Lead
Kelly,33,Minneapolis,Architect
Leo,28,Tulsa,Engineer
Maya,36,Cleveland,Consultant
Nick,39,Wichita,Manager
Olga,32,Arlington,Designer
Peter,45,NewOrleans,Executive
Quincy,27,Bakersfield,Developer
Rita,40,Tampa,Director
Sam,34,Honolulu,Engineer
Tara,31,Aurora,Analyst
Ulrich,38,Anaheim,Manager
Vera,29,SantaAna,Designer
Will,43,StLouis,Architect
Xena,30,Riverside,Developer
Yale,36,CorpusChristi,Manager
Zoe,28,Lexington,Engineer
Adam,42,Pittsburgh,Director
Beth,35,Anchorage,Consultant
Carl,33,Stockton,Engineer
Dana,39,Cincinnati,Manager
Eric,26,StPaul,Designer
Faye,44,Toledo,Executive
Greg,31,Newark,Developer
Hope,37,Greensboro,Analyst
Ivan,29,Plano,Engineer
Jane,40,Henderson,Manager
Kyle,34,Lincoln,Architect
Lisa,28,Buffalo,Designer
Mark,41,FortWayne,Director
Nina,32,Jersey,Engineer
Omar,38,Chula,Manager
Pam,27,Orlando,Developer
Ross,43,Norfolk,Consultant
Sara,30,Chandler,Analyst
Todd,36,Laredo,Engineer
Ursa,33,Madison,Manager
Vick,39,Durham,Architect
Wade,29,Lubbock,Designer
Xyla,42,Winston,Executive
York,35,Garland,Engineer
Zara,31,Glendale,Developer
Avery,38,Hialeah,Manager
Blake,26,Reno,Analyst
Chase,44,Chesapeake,Director
Drew,32,Gilbert,Engineer
Evan,37,Baton,Consultant
Fiona,28,Irving,Designer
Grant,41,Scottsdale,Manager
Hazel,34,NorthLasVegas,Developer
Isaac,30,Fremont,Engineer
Julia,39,Irvine,Architect
Kevin,33,Birmingham,Manager
Luna,27,Rochester,Designer
Mason,42,SanBernardino,Executive
Nora,36,Spokane,Consultant
Owen,29,Richmond,Engineer
Pearl,40,DesMoines,Director
Rowan,31,Modesto,Developer
Silva,38,Fayetteville,Manager
Troy,35,Tacoma,Analyst
Unity,28,Oxnard,Engineer
Vale,43,Fontana,Architect
Wyatt,34,Columbus,Manager
Xander,32,Montgomery,Designer
Alice,28,Seattle,Engineer
Bob,35,Portland,Designer
Carol,42,Austin,Manager
David,31,Denver,Developer
Eve,27,Boston,Analyst
Frank,45,Chicago,Architect
Grace,33,Miami,Consultant
Henry,29,Phoenix,Researcher
Ivy,38,Atlanta,Director
Jack,26,Dallas,Intern
Karen,41,Houston,VP
Liam,34,Detroit,Specialist
Mia,30,SanDiego,Coordinator
Noah,37,Nashville,Lead
Olivia,25,Columbus,Assistant
Paul,44,Indianapolis,Executive
Quinn,32,Charlotte,Supervisor
Rachel,36,SanFrancisco,Principal
Steve,40,LasVegas,Manager
Tina,29,Memphis,Associate
Uma,43,Baltimore,Officer
Victor,31,Milwaukee,Technician
Wendy,28,Albuquerque,Analyst
Xavier,39,Tucson,Engineer
Yara,33,Fresno,Designer
Zack,27,Sacramento,Developer
Anna,35,LongBeach,Manager
Brian,42,KansasCity,Architect
Cathy,30,Mesa,Consultant
Derek,38,Virginia,Engineer
Emma,26,Atlanta,Designer
Felix,44,ColoradoSprings,Director
Gina,31,Omaha,Developer
Hugo,37,Raleigh,Manager
Iris,29,Miami,Analyst
James,41,Oakland,Lead
Kelly,33,Minneapolis,Architect
Leo,28,Tulsa,Engineer
Maya,36,Cleveland,Consultant
Nick,39,Wichita,Manager
Olga,32,Arlington,Designer
Peter,45,NewOrleans,Executive
Quincy,27,Bakersfield,Developer
Rita,40,Tampa,Director
Sam,34,Honolulu,Engineer
Tara,31,Aurora,Analyst
Ulrich,38,Anaheim,Manager
Vera,29,SantaAna,Designer
Will,43,StLouis,Architect
Xena,30,Riverside,Developer
Yale,36,CorpusChristi,Manager
Zoe,28,Lexington,Engineer
Adam,42,Pittsburgh,Director
Beth,35,Anchorage,Consultant
Carl,33,Stockton,Engineer
Dana,39,Cincinnati,Manager
Eric,26,StPaul,Designer
Faye,44,Toledo,Executive
Greg,31,Newark,Developer
Hope,37,Greensboro,Analyst
Ivan,29,Plano,Engineer
Jane,40,Henderson,Manager
Kyle,34,Lincoln,Architect
Lisa,28,Buffalo,Designer
Mark,41,FortWayne,Director
Nina,32,Jersey,Engineer
Omar,38,Chula,Manager
Pam,27,Orlando,Developer
Ross,43,Norfolk,Consultant
Sara,30,Chandler,Analyst
Todd,36,Laredo,Engineer
Ursa,33,Madison,Manager
Vick,39,Durham,Architect
Wade,29,Lubbock,Designer
Xyla,42,Winston,Executive
York,35,Garland,Engineer
Zara,31,Glendale,Developer
Avery,38,Hialeah,Manager
Blake,26,Reno,Analyst
Chase,44,Chesapeake,Director
Drew,32,Gilbert,Engineer
Evan,37,Baton,Consultant
Fiona,28,Irving,Designer
Grant,41,Scottsdale,Manager
Hazel,34,NorthLasVegas,Developer
Isaac,30,Fremont,Engineer
Julia,39,Irvine,Architect
Kevin,33,Birmingham,Manager
Luna,27,Rochester,Designer
Mason,42,SanBernardino,Executive
Nora,36,Spokane,Consultant
Owen,29,Richmond,Engineer
Pearl,40,DesMoines,Director
Rowan,31,Modesto,Developer
Silva,38,Fayetteville,Manager
Troy,35,Tacoma,Analyst
Unity,28,Oxnard,Engineer
Vale,43,Fontana,Architect
Wyatt,34,Columbus,Manager
Xander,32,Montgomery,Designer
Alice,28,Seattle,Engineer
Bob,35,Portland,Designer
Carol,42,Austin,Manager
David,31,Denver,Developer
Eve,27,Boston,Analyst
Frank,45,Chicago,Architect
Grace,33,Miami,Consultant
Henry,29,Phoenix,Researcher
Ivy,38,Atlanta,Director
Jack,26,Dallas,Intern
Karen,41,Houston,VP
Liam,34,Detroit,Specialist
Mia,30,SanDiego,Coordinator
Noah,37,Nashville,Lead
Olivia,25,Columbus,Assistant
Paul,44,Indianapolis,Executive
Quinn,32,Charlotte,Supervisor
Rachel,36,SanFrancisco,Principal
Steve,40,LasVegas,Manager
Tina,29,Memphis,Associate
Uma,43,Baltimore,Officer
Victor,31,Milwaukee,Technician
Wendy,28,Albuquerque,Analyst
Xavier,39,Tucson,Engineer
Yara,33,Fresno,Designer
Zack,27,Sacramento,Developer
Anna,35,LongBeach,Manager
Brian,42,KansasCity,Architect
Cathy,30,Mesa,Consultant
Derek,38,Virginia,Engineer
Emma,26,Atlanta,Designer
Felix,44,ColoradoSprings,Director
Gina,31,Omaha,Developer
Hugo,37,Raleigh,Manager
Iris,29,Miami,Analyst
James,41,Oakland,Lead
Kelly,33,Minneapolis,Architect
Leo,28,Tulsa,Engineer
Maya,36,Cleveland,Consultant
Nick,39,Wichita,Manager
Olga,32,Arlington,Designer
Peter,45,NewOrleans,Executive
Quincy,27,Bakersfield,Developer
Rita,40,Tampa,Director
Sam,34,Honolulu,Engineer
Tara,31,Aurora,Analyst
Ulrich,38,Anaheim,Manager
Vera,29,SantaAna,Designer
Will,43,StLouis,Architect
Xena,30,Riverside,Developer
Yale,36,CorpusChristi,Manager
Zoe,28,Lexington,Engineer
Adam,42,Pittsburgh,Director
Beth,35,Anchorage,Consultant
Carl,33,Stockton,Engineer
Dana,39,Cincinnati,Manager
Eric,26,StPaul,Designer
Faye,44,Toledo,Executive
Greg,31,Newark,Developer
Hope,37,Greensboro,Analyst
Ivan,29,Plano,Engineer
Jane,40,Henderson,Manager
Kyle,34,Lincoln,Architect
Lisa,28,Buffalo,Designer
Mark,41,FortWayne,Director
Nina,32,Jersey,Engineer
Omar,38,Chula,Manager
Pam,27,Orlando,Developer
Ross,43,Norfolk,Consultant
Sara,30,Chandler,Analyst
Todd,36,Laredo,Engineer
Ursa,33,Madison,Manager
Vick,39,Durham,Architect
Wade,29,Lubbock,Designer
Xyla,42,Winston,Executive
York,35,Garland,Engineer
Zara,31,Glendale,Developer
Avery,38,Hialeah,Manager
Blake,26,Reno,Analyst
Chase,44,Chesapeake,Director
Drew,32,Gilbert,Engineer
Evan,37,Baton,Consultant
Fiona,28,Irving,Designer
Grant,41,Scottsdale,Manager
Hazel,34,NorthLasVegas,Developer
Isaac,30,Fremont,Engineer
Julia,39,Irvine,Architect
Kevin,33,Birmingham,Manager
Luna,27,Rochester,Designer
Mason,42,SanBernardino,Executive
Nora,36,Spokane,Consultant
Owen,29,Richmond,Engineer
Pearl,40,DesMoines,Director
Rowan,31,Modesto,Developer
Silva,38,Fayetteville,Manager
Troy,35,Tacoma,Analyst
Unity,28,Oxnard,Engineer
Vale,43,Fontana,Architect
Wyatt,34,Columbus,Manager
Xander,32,Montgomery,Designer
Alice,28,Seattle,Engineer
Bob,35,Portland,Designer
Carol,42,Austin,Manager
David,31,Denver,Developer
Eve,27,Boston,Analyst
Frank,45,Chicago,Architect
Grace,33,Miami,Consultant
Henry,29,Phoenix,Researcher
Ivy,38,Atlanta,Director
Jack,26,Dallas,Intern
Karen,41,Houston,VP
Liam,34,Detroit,Specialist
Mia,30,SanDiego,Coordinator
Noah,37,Nashville,Lead
Olivia,25,Columbus,Assistant
Paul,44,Indianapolis,Executive
Quinn,32,Charlotte,Supervisor
Rachel,36,SanFrancisco,Principal
Steve,40,LasVegas,Manager
Tina,29,Memphis,Associate
Uma,43,Baltimore,Officer
Victor,31,Milwaukee,Technician
Wendy,28,Albuquerque,Analyst
Xavier,39,Tucson,Engineer
Yara,33,Fresno,Designer
Zack,27,Sacramento,Developer
Anna,35,LongBeach,Manager
Brian,42,KansasCity,Architect
Cathy,30,Mesa,Consultant
Derek,38,Virginia,Engineer
Emma,26,Atlanta,Designer
Felix,44,ColoradoSprings,Director
Gina,31,Omaha,Developer
Hugo,37,Raleigh,Manager
Iris,29,Miami,Analyst
James,41,Oakland,Lead
Kelly,33,Minneapolis,Architect
Leo,28,Tulsa,Engineer
Maya,36,Cleveland,Consultant
Nick,39,Wichita,Manager
Olga,32,Arlington,Designer
Peter,45,NewOrleans,Executive
Quincy,27,Bakersfield,Developer
Rita,40,Tampa,Director
Sam,34,Honolulu,Engineer
Tara,31,Aurora,Analyst
Ulrich,38,Anaheim,Manager
Vera,29,SantaAna,Designer
Will,43,StLouis,Architect
Xena,30,Riverside,Developer
Yale,36,CorpusChristi,Manager
Zoe,28,Lexington,Engineer
Adam,42,Pittsburgh,Director
Beth,35,Anchorage,Consultant
Carl,33,Stockton,Engineer
Dana,39,Cincinnati,Manager
Eric,26,StPaul,Designer
Faye,44,Toledo,Executive
Greg,31,Newark,Developer
Hope,37,Greensboro,Analyst
Ivan,29,Plano,Engineer
Jane,40,Henderson,Manager
Kyle,34,Lincoln,Architect
Lisa,28,Buffalo,Designer
Mark,41,FortWayne,Director
Nina,32,Jersey,Engineer
Omar,38,Chula,Manager
Pam,27,Orlando,Developer
Ross,43,Norfolk,Consultant
Sara,30,Chandler,Analyst
Todd,36,Laredo,Engineer
Ursa,33,Madison,Manager
Vick,39,Durham,Architect
Wade,29,Lubbock,Designer
Xyla,42,Winston,Executive
York,35,Garland,Engineer
Zara,31,Glendale,Developer
Avery,38,Hialeah,Manager
Blake,26,Reno,Analyst
Chase,44,Chesapeake,Director
Drew,32,Gilbert,Engineer
Evan,37,Baton,Consultant
Fiona,28,Irving,Designer
Grant,41,Scottsdale,Manager
Hazel,34,NorthLasVegas,Developer
Isaac,30,Fremont,Engineer
Julia,39,Irvine,Architect
Kevin,33,Birmingham,Manager
Luna,27,Rochester,Designer
Mason,42,SanBernardino,Executive
Nora,36,Spokane,Consultant
Owen,29,Richmond,Engineer
Pearl,40,DesMoines,Director
Rowan,31,Modesto,Developer
Silva,38,Fayetteville,Manager
Troy,35,Tacoma,Analyst
Unity,28,Oxnard,Engineer
Vale,43,Fontana,Architect
Wyatt,34,Columbus,Manager
Xander,32,Montgomery,Designer
